組織id,姓,名,姓（カタカナ）,名（カタカナ）,ニックネーム,電話番号（市外局番）,電話番号（市内局番）,電話番号（加入者番号）,メールアドレス,パスワード
1,,,,,201,,,,,password
1,,,,,202,,,,,RLwhuF9V
1,,,,,203,,,,,TpiyY5Rh
1,,,,,204,,,,,s5cTbUEn
1,,,,,205,,,,,KCdtHBnd
1,,,,,206,,,,,mr0m0Gnm
1,,,,,207,,,,,2YjutxpT
1,,,,,208,,,,,n2bFDKpn
1,,,,,209,,,,,6kNKSNDR
1,,,,,210,,,,,Vv3dMNSO
1,,,,,301,,,,,fbYpMaSM
1,,,,,302,,,,,ukdFyK1u
1,,,,,303,,,,,sGeroWsi
1,,,,,304,,,,,vv6MjqDw
1,,,,,305,,,,,8BFRNUwZ
1,,,,,306,,,,,4d0dhhvR
1,,,,,307,,,,,0IR9rhGd
1,,,,,308,,,,,MPraZygK
1,,,,,309,,,,,GZ9Q0z7j
1,,,,,310,,,,,Fhu7cROj
1,,,,,401,,,,,esdgYuRR
1,,,,,402,,,,,MA6SWNyA
1,,,,,403,,,,,I2uRDalx
1,,,,,404,,,,,2KfxLRxh
1,,,,,405,,,,,06SjejwC
1,,,,,406,,,,,Epte6lWF
1,,,,,407,,,,,5S6LlCX4
1,,,,,408,,,,,4tJMxCZu
1,,,,,409,,,,,Y6qTXHdC
1,,,,,410,,,,,10sQG9OS
1,,,,,501,,,,,A99QM13z
1,,,,,502,,,,,Rkvrsezd
1,,,,,503,,,,,SreLpbKI
1,,,,,504,,,,,ftKNIybN
1,,,,,505,,,,,xbw4nPNn
1,,,,,506,,,,,hKLaXH2J
1,,,,,507,,,,,pnX5K0U8
1,,,,,508,,,,,TgiINV55
1,,,,,509,,,,,tCVbh0e4
1,,,,,510,,,,,hdNL0vG0
1,,,,,601,,,,,CuhEnoPM
1,,,,,602,,,,,VJsxyNL4
1,,,,,603,,,,,OLYZ3HDz
1,,,,,604,,,,,nNyKQdU9
1,,,,,605,,,,,OVvDSXya
1,,,,,606,,,,,jHf9ZEa4
1,,,,,607,,,,,E0TgR6vX
1,,,,,608,,,,,2ICjPOJS
1,,,,,609,,,,,rWhz8JLS
1,,,,,610,,,,,I0Xtu6bF
1,,,,,701,,,,,oI4sbA7J
1,,,,,702,,,,,cIOXxdQ9
1,,,,,703,,,,,ozWnCiTe
1,,,,,704,,,,,W6B7hfqH
1,,,,,705,,,,,21xba0GM
1,,,,,706,,,,,gpLh0PMF
1,,,,,707,,,,,P24ELNQO
1,,,,,708,,,,,fVoPqWpO
1,,,,,709,,,,,34KJH0Gi
1,,,,,710,,,,,cxPHtg23
1,,,,,801,,,,,sTs4Xkn0
1,,,,,802,,,,,T4qRHkvU
1,,,,,803,,,,,nWxBzRIa
1,,,,,804,,,,,wVqfK78v
1,,,,,805,,,,,rFcrKOiz
1,,,,,806,,,,,U8EvRX5E
1,,,,,807,,,,,YoYJgByT
1,,,,,808,,,,,uf7OrxhQ
1,,,,,809,,,,,vAozh7GJ
1,,,,,810,,,,,gpnvGeVN
1,,,,,901,,,,,tCAR5Fuf
1,,,,,902,,,,,2FjrNDgz
1,,,,,903,,,,,Lo7IHD0a
1,,,,,904,,,,,OM86TKuM
1,,,,,905,,,,,40kfBMWb
1,,,,,906,,,,,AmGROBwl
1,,,,,907,,,,,CbFNIddG
1,,,,,909,,,,,fzvoivss
1,,,,,909,,,,,JlqhyLVb
1,,,,,910,,,,,R9kfOUXs
1,,,,,1001,,,,,87nz4LxQ
1,,,,,1002,,,,,h1KvQ1O4
1,,,,,1003,,,,,0VA7Purc
1,,,,,1004,,,,,diY6K8Vq
1,,,,,1005,,,,,KadOGYFs
1,,,,,1006,,,,,AxyKSzwH
1,,,,,1007,,,,,YXTDiiAr
1,,,,,1008,,,,,uUEonePV
1,,,,,1009,,,,,sa8HDHfp
1,,,,,1010,,,,,T0n0u5JY
1,,,,,1101,,,,,nCGMBMKa
1,,,,,1102,,,,,icc1XbGh
1,,,,,1103,,,,,R5Qw76z0
1,,,,,1104,,,,,zHULtvIE
1,,,,,1105,,,,,RYifvoMZ
1,,,,,1106,,,,,Hg86W8uG
1,,,,,1107,,,,,IF2Tz4QD
1,,,,,1108,,,,,38KgIhQt
1,,,,,1109,,,,,axWCm8SV
1,,,,,1110,,,,,alreG1LU
1,,,,,1201,,,,,jSkFsha2
1,,,,,1202,,,,,xiLfaLJl
1,,,,,1203,,,,,C82apc6U
1,,,,,1204,,,,,Ydp1PiXm
1,,,,,1205,,,,,I3fPgyei
1,,,,,1206,,,,,U4mjcZcc
1,,,,,1207,,,,,9CFE3Fhp
1,,,,,1208,,,,,zp0u7cdJ
1,,,,,1209,,,,,VQG6VsnP
1,,,,,1210,,,,,SwfswVmw
1,,,,,1301,,,,,lHznMCcb
1,,,,,1302,,,,,Q7ZtzKBY
1,,,,,1303,,,,,qt6iEUHw
1,,,,,1304,,,,,6nX3ESj2
1,,,,,1305,,,,,VaNcZvK4
1,,,,,1306,,,,,MR5lPJ5o
1,,,,,1307,,,,,7TJnUKPX
1,,,,,1308,,,,,fYKeCNSM
1,,,,,1309,,,,,uiglsbGI
1,,,,,1310,,,,,RZUB3pVq
1,,,,,1403,,,,,hdJNNxGL
1,,,,,1404,,,,,OGz4LDzA
1,,,,,1405,,,,,ck0HKjEs
1,,,,,1406,,,,,0clAYD6J
1,,,,,1407,,,,,MXcyIefA
1,,,,,1408,,,,,bjWCgeoe
1,,,,,1409,,,,,B3UGSjMb
1,,,,,1410,,,,,IjClIqAH
